<?xml version="1.0" encoding="UTF-8" ?>
<!DOCTYPE mapper
  PUBLIC "-//mybatis.org//DTD Config 3.0//EN"
  "http://mybatis.org/dtd/mybatis-3-mapper.dtd">
 
 
 
<mapper namespace="co.kr.mybatis.sql.free_article">

 	<!-- <insert id="create">
 		insert into javadb.free_board (subject,name,created_date,content,hits)
 		  values (#{subject},#{name},#{created_date},#{content},#{hits})
 	</insert> -->
 	<insert id="create">
 		insert into javadb.free_board (subject,name,content,gdsImg,gdsThumbImg)
 		  values (#{subject},#{name},#{content},#{gdsImg},#{gdsThumbImg})
 	</insert>
    
    <select id="read" resultMap="ArticleResultMap">
    	select * from javadb.free_board where fsq=#{fsq}
    </select>
    
    <update id="update">
    	update javadb.free_board set subject= #{subject}, content = #{content}, gdsImg = #{gdsImg}, gdsThumbImg = #{gdsThumbImg} where fsq= #{fsq}
    </update>
    
    <delete id="delete">
    	delete from javadb.free_board
    	where fsq = #{fsq}
    </delete>
    
    <select id="listAll" resultType="Free_ArticleVO">
    	select * from javadb.free_board where fsq>0 order by fsq desc, created_date desc;
    </select>
    
    <select id="listPaging" resultMap="ArticleResultMap">
    	select * from javadb.free_board where fsq>0 order by fsq desc, created_date desc limit #{page}, 10;
    </select>
    
    <select id="listCriteria" resultMap="ArticleResultMap">
    	select * from javadb.free_board where fsq>0 order by fsq desc, created_date desc limit #{pageStart}, ${perPageNum};
    </select>
    
    <resultMap id="ArticleResultMap" type="Free_ArticleVO">
    	<result property="fsq" column="fsq" />
    	<result property="subject" column="subject"/>
    	<result property="name" column="name"/>
    	<result property="created_date" column="created_date"/>
    	<result property="content" column="content"/>
    	<result property="hits" column="hits"/>
    	<result property="gdsImg" column="gdsImg"/>
    	<result property="gdsThumbImg" column="gdsThumbImg"/>
    </resultMap>
    
    <select id="countArticles" resultType="int">
    	select count(fsq) from javadb.free_board where fsq > 0 ;
    </select>
    
    <update id="hitsUp">
    	update javadb.free_board set hits = hits + 1 where fsq= #{fsq}
    </update>
    
</mapper>