<?xml version="1.0" encoding="UTF-8" ?>
<!DOCTYPE mapper
  PUBLIC "-//mybatis.org//DTD Config 3.0//EN"
  "http://mybatis.org/dtd/mybatis-3-mapper.dtd">
 
 
 
<mapper namespace="co.kr.mybatis.sql.notice_article">

 	
 	<insert id="create">
 		insert into javadb.notice_board (subject,name,content,gdsImg,gdsThumbImg)
 		  values (#{subject},#{name},#{content},#{gdsImg},#{gdsThumbImg})
 	</insert>
    
    <select id="read" resultMap="ArticleResultMap">
    	select * from javadb.notice_board where nsq=#{nsq}
    </select>
    
    <update id="update">
    	update javadb.notice_board set subject= #{subject}, content = #{content}, gdsImg = #{gdsImg}, gdsThumbImg = #{gdsThumbImg} where nsq= #{nsq}
    </update>
    
    <delete id="delete">
    	delete from javadb.notice_board
    	where nsq = #{nsq}
    </delete>
    
    <select id="listAll" resultType="Notice_ArticleVO">
    	select * from javadb.notice_board where nsq>0 order by nsq desc, created_date desc;
    </select>
    
    <select id="listPaging" resultMap="ArticleResultMap">
    	select * from javadb.notice_board where nsq>0 order by nsq desc, created_date desc limit #{page}, 10;
    </select>
    
    <select id="listCriteria" resultMap="ArticleResultMap">
    	select * from javadb.notice_board where nsq>0 order by nsq desc, created_date desc limit #{pageStart}, ${perPageNum};
    </select>
    
    <resultMap id="ArticleResultMap" type="Notice_ArticleVO">
    	<result property="nsq" column="nsq" />
    	<result property="subject" column="subject"/>
    	<result property="name" column="name"/>
    	<result property="created_date" column="created_date"/>
    	<result property="content" column="content"/>
    	<result property="hits" column="hits"/>
    	<result property="gdsImg" column="gdsImg"/>
    	<result property="gdsThumbImg" column="gdsThumbImg"/>
    </resultMap>
     <select id="countArticles" resultType="int">
    	select count(nsq) from javadb.notice_board where nsq > 0 ;
    </select>
    
    <update id="hitsUp">
    	update javadb.notice_board set hits = hits + 1 where nsq= #{nsq}
    </update>
    
</mapper>