<?xml version="1.0" encoding="UTF-8" ?>
<!DOCTYPE mapper
  PUBLIC "-//mybatis.org//DTD Config 3.0//EN"
  "http://mybatis.org/dtd/mybatis-3-mapper.dtd">
 
 
 
<mapper namespace="co.kr.mybatis.sql.qna_article">

 	
 	<insert id="create">
 		insert into javadb.qna_board (subject,name,content,gdsImg,gdsThumbImg)
 		  values (#{subject},#{name},#{content},#{gdsImg},#{gdsThumbImg})
 	</insert>
    
    <select id="read" resultMap="ArticleResultMap">
    	select * from javadb.qna_board where qsq=#{qsq}
    </select>
    
    <update id="update">
    	update javadb.qna_board set subject= #{subject}, content = #{content}, gdsImg = #{gdsImg}, gdsThumbImg = #{gdsThumbImg} where qsq= #{qsq}
    </update>
    
    <delete id="delete">
    	delete from javadb.qna_board
    	where qsq = #{qsq}
    </delete>
    
    <select id="listAll" resultType="Qna_ArticleVO">
    	select * from javadb.qna_board where qsq>0 order by qsq desc, created_date desc;
    </select>
    
    <select id="listPaging" resultMap="ArticleResultMap">
    	select * from javadb.qna_board where qsq>0 order by qsq desc, created_date desc limit #{page}, 10;
    </select>
    
    <select id="listCriteria" resultMap="ArticleResultMap">
    	select * from javadb.qna_board where qsq>0 order by qsq desc, created_date desc limit #{pageStart}, ${perPageNum};
    </select>
    
    <resultMap id="ArticleResultMap" type="Qna_ArticleVO">
    	<result property="qsq" column="qsq" />
    	<result property="subject" column="subject"/>
    	<result property="name" column="name"/>
    	<result property="created_date" column="created_date"/>
    	<result property="content" column="content"/>
    	<result property="hits" column="hits"/>
    	<result property="gdsImg" column="gdsImg"/>
    	<result property="gdsThumbImg" column="gdsThumbImg"/>
    </resultMap>
    
    <select id="countArticles" resultType="int">
    	select count(qsq) from javadb.qna_board where qsq > 0 ;
    </select>
    
    <update id="hitsUp">
    	update javadb.qna_board set hits = hits + 1 where qsq= #{qsq}
    </update>
    
</mapper>