<?xml version="1.0" encoding="UTF-8"?>
<!DOCTYPE mapper
  PUBLIC "-//mybatis.org//DTD Config 3.0//EN"
  "http://mybatis.org/dtd/mybatis-3-mapper.dtd">
  
<mapper namespace="co.kr.mybatis.sql.userMapper">
	
	<resultMap type="UserVO" id="UserVO">
		<result column="user_id" property="userId"></result>
		<result column="user_pw" property="userPw"></result>
		<result column="user_name" property="userName"></result>
		<result column="user_email" property="userEmail"></result>
	</resultMap>

	<select id="chkid" resultType="int">
		select count(*) from tbl_user
		where user_id = #{userId}
	</select>

	<insert id="register">
		INSERT INTO tbl_user (
			user_id,
			user_pw,
			user_name,
			user_email
		) VALUES (
			#{userId},
			#{userPw},
			#{userName},
			#{userEmail}
		)		
	</insert>
	
	<select id="login" resultMap="UserVO">
		SELECT * FROM tbl_user
		WHERE user_id = #{userId}
	</select>
	
	<select id="findid" resultMap="UserVO">
		select user_id from tbl_user where user_name = #{userName} and user_email = #{userEmail}
	</select>

	<select id="findpw" resultMap="UserVO">
		select user_pw from tbl_user where user_id = #{userId} and user_name = #{userName} and user_email = #{userEmail}
	</select>
	
	<update id="passup">
		update tbl_user set user_pw=#{userPw} where user_id = #{userId} 
	</update>
	
</mapper>

  