<?xml version="1.0" encoding="UTF-8"?>
<!DOCTYPE mapper
  PUBLIC "-//mybatis.org//DTD Config 3.0//EN"
  "http://mybatis.org/dtd/mybatis-3-mapper.dtd">

<mapper namespace="co.kr.mybatis.sql.vgsales">

	<!-- mybatis-config.xml의 typeAlias에 등록해두지 않았다면 <select id="selectMember" 
		resultType="com.example.dto.MemberVO" > SELECT ID, PW ,NAME FROM TEST </select> 
		이렇게 해야 한다. -->
	<select id="selectVgsales" resultType="VgsalesVO">
		select * from video_games_sales;
	</select>

	<select id="selectExam" resultType="VgsalesVO">
		select platform,count(*) as cnt from javadb.video_games_sales group by platform;
	</select>

	<select id="year_avg" resultType="VgsalesVO">
		select Developer,avg(user_Score) as avg from javadb.video_games_sales where Year_of_Release between 1985 and 1994 group by Developer
union all
select Developer,avg(user_Score) as avg from javadb.video_games_sales where Year_of_Release between 1996 and 1998 group by Developer
union all
select Developer,avg(user_Score) as avg from javadb.video_games_sales where Year_of_Release between 1999 and 2001 group by Developer
union all
select Developer,avg(user_Score) as avg from javadb.video_games_sales where Year_of_Release between 2002 and 2004 group by Developer
union all
select Developer,avg(user_Score) as avg from javadb.video_games_sales where Year_of_Release between 2005 and 2007 group by Developer
union all
select Developer,avg(user_Score) as avg from javadb.video_games_sales where Year_of_Release between 2008 and 2010 group by Developer
union all
select Developer,avg(user_Score) as avg from javadb.video_games_sales where Year_of_Release between 2011 and 2013 group by Developer
union all
select Developer,avg(user_Score) as avg from javadb.video_games_sales where Year_of_Release between 2014 and 2016 group by Developer;
	</select>
</mapper>
