<?xml version="1.0" encoding="UTF-8"?>
<beans xmlns="http://www.springframework.org/schema/beans"
	xmlns:xsi="http://www.w3.org/2001/XMLSchema-instance"
	xmlns:context="http://www.springframework.org/schema/context"
	xsi:schemaLocation="http://www.springframework.org/schema/beans https://www.springframework.org/schema/beans/spring-beans.xsd
						http://www.springframework.org/schema/context https://www.springframework.org/schema/context/spring-context.xsd">
	
	<!-- Root Context: defines shared resources visible to all other web components -->
		
	<bean id="dataSource"
        class="org.springframework.jdbc.datasource.DriverManagerDataSource">
        <property name="driverClassName" value="com.mysql.cj.jdbc.Driver"></property>
        <property name="url"
           value="jdbc:mysql://localhost:3306/javadb?serverTimezone=UTC&amp;useUnicode=true&amp;characterEncoding=EUCKR">
        </property>
        <property name="username" value="javauser"></property>
        <property name="password" value="1234"></property>
    </bean>

 
 
    <bean id="sqlSessionFactory" class="org.mybatis.spring.SqlSessionFactoryBean">
        <property name="dataSource" ref="dataSource" />
        <property name="configLocation" value="classpath:/mybatis/mybatis-config.xml" />
        <property name="mapperLocations" value="classpath*:/mybatis/sql/*.xml"></property>
    </bean>
 
    <bean id="sqlSession" class="org.mybatis.spring.SqlSessionTemplate">
        <constructor-arg name="sqlSessionFactory" ref="sqlSessionFactory"></constructor-arg>
    </bean>
		
		<!-- 업로드 패스 설정 -->
	<bean id="uploadPath" class="java.lang.String" >
		<constructor-arg
			value="D:\JavaBigData\project\DataV2_final\src\main\webapp\resources" />
	</bean>
	
	<bean
		class="org.springframework.web.multipart.commons.CommonsMultipartResolver"
		id="multipartResolver">
		<property name="maxUploadSize" value="10485760" />
	</bean>	
	

	<context:component-scan
        base-package="co.kr.data"></context:component-scan>
       <context:component-scan
        base-package="co.kr.dao"></context:component-scan>
    <context:component-scan
        base-package="co.kr.service"></context:component-scan>
	<context:component-scan
        base-package="co.kr.controller"></context:component-scan>	
    
</beans>
