<?xml version="1.0" encoding="UTF-8"?>
<beans:beans xmlns="http://www.springframework.org/schema/mvc"
	xmlns:xsi="http://www.w3.org/2001/XMLSchema-instance"
	xmlns:beans="http://www.springframework.org/schema/beans"
	xmlns:context="http://www.springframework.org/schema/context"
	xsi:schemaLocation="http://www.springframework.org/schema/mvc https://www.springframework.org/schema/mvc/spring-mvc.xsd
		http://www.springframework.org/schema/beans https://www.springframework.org/schema/beans/spring-beans.xsd
		http://www.springframework.org/schema/context https://www.springframework.org/schema/context/spring-context.xsd">

	<!-- DispatcherServlet Context: defines this servlet's request-processing infrastructure -->
	
	<!-- Enables the Spring MVC @Controller programming model -->
	<annotation-driven />

	<!-- Handles HTTP GET requests for /resources/** by efficiently serving up static resources in the ${webappRoot}/resources directory -->
	<resources mapping="/js/**" location="/resources/js/" />
    <resources mapping="/css/**" location="/resources/css/" />
    <resources mapping="/imgUpload/**" location="/resources/imgUpload/" />
	<resources mapping="/resources/**" location="/resources/" />

	<!-- Resolves views selected for rendering by @Controllers to .jsp resources in the /WEB-INF/views directory -->
	<beans:bean class="org.springframework.web.servlet.view.InternalResourceViewResolver">
		<beans:property name="prefix" value="/WEB-INF/views/" />
		<beans:property name="suffix" value=".jsp" />
	</beans:bean>
	
	<beans:bean id="authInterceptor" class="co.kr.util.AuthInterceptor" />
	
	<beans:bean id="loginInterceptor" class="co.kr.util.LoginInterceptor" />

	<beans:bean id="LoginAfterInterceptor" class="co.kr.util.LoginAfterInterceptor" />
	
	
	<interceptors>
		<interceptor>
            <mapping path="/free/Write" />
            <mapping path="/free/Modify" />
            <mapping path="/free/Remove" />
            <mapping path="/qna/Write" />
            <beans:ref bean="authInterceptor"/>
        </interceptor>
        <interceptor>
            <mapping path="/login/loginPost"/>
            <beans:ref bean="loginInterceptor"/>
        </interceptor>
        <interceptor>
            <mapping path="/login/Login"/>
            <mapping path="/login/JoinUser"/>
            <mapping path="/login/PassUp"/>
            <mapping path="/login/Success"/>
            <mapping path="/login/UserFind"/>
            <beans:ref bean="LoginAfterInterceptor"/>
        </interceptor>
    </interceptors>

	
	<context:component-scan base-package="co.kr.data" />
	<context:component-scan base-package="co.kr.controller" />
	
	<default-servlet-handler/>
	
</beans:beans>
